,fixed acidity,volatile acidity,citric acid,residual sugar,chlorides,free sulfur dioxide,total sulfur dioxide,density,pH,sulphates,alcohol,quality
count,4898.0,4898.0,4898.0,4898.0,4898.0,4898.0,4898.0,4898.0,4898.0,4898.0,4898.0,4898.0
mean,-3.481630391637894e-16,4.49710592253228e-16,1.160543463879298e-17,-1.066249307439105e-16,3.1334673524741045e-16,-1.0154755308943858e-17,-4.642173855517192e-17,3.247200611934276e-14,-1.1837543331568839e-15,-8.218098403595279e-16,3.017413006086175e-16,2.8779093507554103
std,1.0001020981165507,1.0001020981165512,1.0001020981165702,1.0001020981165514,1.0001020981165578,1.000102098116561,1.000102098116556,1.000102098116556,1.0001020981165507,1.0001020981165554,1.0001020981165545,0.8856385749678454
min,-3.6203514438214337,-1.9669849408240003,-2.7617432474131687,-1.1419440397570613,-1.6832737165407632,-1.9586768183461876,-3.044229572521895,-2.3130384607191266,-3.101407873746458,-2.364709354543285,-2.0432973538651233,0.0
25%,-0.6575011275547077,-0.6771009660764253,-0.5304756605101041,-0.9250473964665745,-0.4473346794044984,-0.7237750439430433,-0.7144738824151304,-0.770706634395735,-0.6508363048491708,-0.6997103611747921,-0.8242756777404772,2.0
50%,-0.06493106430136242,-0.18099174501966547,-0.11727795923175896,-0.23492171326957187,-0.12690604014694828,-0.07692173354139635,-0.10261885269012162,-0.09609320141853653,-0.05475132863090923,-0.1739212053742153,-0.09286267206568928,3.0
75%,0.5276389989519829,0.41433932024844616,0.4611988225579245,0.691818489880689,0.19352259911060218,0.6287364232604004,0.6739663773454665,0.6930456842450418,0.6075653116115991,0.5271310023598879,0.7198184453507414,3.0
max,8.705105871848145,8.153643168733899,10.956420435027892,11.71411154436996,13.74307648771558,14.918314098496785,7.09844418945806,15.031297979691589,4.184075168921157,5.1716018785983175,2.9953255741167464,6.0
