,fixed acidity,volatile acidity,citric acid,residual sugar,chlorides,free sulfur dioxide,total sulfur dioxide,density,pH,sulphates,alcohol,white_wine,quality
count,6497.0,6497.0,6497.0,6497.0,6497.0,6497.0,6497.0,6497.0,6497.0,6497.0,6497.0,6497.0,6497.0
mean,2.6247538338067423e-16,-2.449770244886293e-16,3.4996717784089897e-17,6.999343556817979e-17,0.0,-8.749179446022474e-17,0.0,-3.560916034531147e-15,2.7384931666050344e-15,2.099803067045394e-16,-8.399212268181576e-16,0.7538864091118977,5.818377712790519
std,1.000076967481353,1.0000769674813532,1.0000769674813532,1.000076967481353,1.0000769674813532,1.0000769674813532,1.0000769674813532,1.0000769674813532,1.0000769674813532,1.0000769674813532,1.000076967481353,0.43077865977870766,0.8732552715311248
min,-2.6345888571881564,-1.5773296104275698,-2.1928325189113975,-1.0180344487704536,-1.3426390669963588,-1.6635825575476293,-1.9417802566705373,-2.530191770055264,-3.100615026416989,-2.0919351342839723,-2.0893502735648886,0.0,3.0
25%,-0.628932879929178,-0.6661612562933189,-0.4723335145630199,-0.7657978232673323,-0.5147986246558022,-0.7620742426049669,-0.6855322922173039,-0.7859527238369732,-0.6748621542109092,-0.6805918984976568,-0.8316151563879578,1.0,5.0
50%,-0.16608919286941415,-0.3016939146396187,-0.059413753519409265,-0.513561197764211,-0.2578826253087329,-0.08594300639797016,0.03990667317118289,0.06448887613564043,-0.05287423826063137,-0.14293733248382232,-0.1608230938935941,1.0,6.0
75%,0.3738951087003109,0.36649621172549884,0.49114592787207173,0.5584444606240541,0.25594937338540574,0.5901882298090266,0.7122647386531951,0.7648525467013049,0.6313124692846729,0.4619240542817411,0.6776669842243598,1.0,6.0
max,6.699425498517088,7.53435393091494,9.23128086996183,12.686822203565798,15.842186667107608,14.56356711142029,5.737256596466128,14.768790892916714,4.923029089341586,9.870878959523843,3.6962312654489935,1.0,9.0
